{
	"info": {
		"_postman_id": "866da5a0-1e0f-428c-9857-fb76b3e32c1d",
		"name": "GestionHotelera",
		"schema": "https://schema.getpostman.com/json/collection/v2.1.0/collection.json",
		"_exporter_id": "37951922"
	},
	"item": [
		{
			"name": "Users",
			"item": [
				{
					"name": "Login",
					"event": [
						{
							"listen": "test",
							"script": {
								"exec": [
									"var data = JSON.parse(responseBody);\r",
									"postman.setGlobalVariable(\"token\", data.token)"
								],
								"type": "text/javascript",
								"packages": {}
							}
						}
					],
					"request": {
						"method": "POST",
						"header": [
							{
								"key": "Authorization",
								"value": "{{token}}",
								"type": "text"
							}
						],
						"body": {
							"mode": "urlencoded",
							"urlencoded": [
								{
									"key": "userLoggin",
									"value": "admin2025",
									"type": "text"
								},
								{
									"key": "password",
									"value": "FortiPrime2@",
									"type": "text"
								}
							]
						},
						"url": {
							"raw": "localhost:3616/api/auth/login",
							"host": [
								"localhost"
							],
							"port": "3616",
							"path": [
								"api",
								"auth",
								"login"
							]
						}
					},
					"response": []
				},
				{
					"name": "Register",
					"request": {
						"method": "POST",
						"header": [],
						"body": {
							"mode": "formdata",
							"formdata": [
								{
									"key": "name",
									"value": "Neto",
									"type": "text"
								},
								{
									"key": "surname",
									"value": "Bran",
									"type": "text"
								},
								{
									"key": "username",
									"value": "netito10",
									"type": "text"
								},
								{
									"key": "email",
									"value": "netogay@gmail.com",
									"type": "text"
								},
								{
									"key": "password",
									"value": "Kinalito2025@",
									"type": "text"
								}
							]
						},
						"url": {
							"raw": "http://localhost:3616/api/auth/register",
							"protocol": "http",
							"host": [
								"localhost"
							],
							"port": "3616",
							"path": [
								"api",
								"auth",
								"register"
							]
						}
					},
					"response": []
				},
				{
					"name": "RegisterAdmin",
					"request": {
						"method": "POST",
						"header": [],
						"body": {
							"mode": "formdata",
							"formdata": [
								{
									"key": "name",
									"value": "ADMIN",
									"type": "text"
								},
								{
									"key": "surname",
									"value": "aña",
									"type": "text"
								},
								{
									"key": "username",
									"value": "admin2025",
									"type": "text"
								},
								{
									"key": "email",
									"value": "admin@gmail.com",
									"type": "text"
								},
								{
									"key": "password",
									"value": "FortiPrime2@",
									"type": "text"
								},
								{
									"key": "phone",
									"value": "12345678",
									"type": "text"
								},
								{
									"key": "role",
									"value": "ADMIN",
									"type": "text"
								}
							]
						},
						"url": {
							"raw": "http://localhost:3616/api/auth/register",
							"protocol": "http",
							"host": [
								"localhost"
							],
							"port": "3616",
							"path": [
								"api",
								"auth",
								"register"
							]
						}
					},
					"response": []
				},
				{
					"name": "GetUsers",
					"request": {
						"method": "GET",
						"header": [
							{
								"key": "Authorization",
								"value": "{{token}}",
								"type": "text"
							}
						],
						"url": {
							"raw": "localhost:3616/v1/user/",
							"host": [
								"localhost"
							],
							"port": "3616",
							"path": [
								"v1",
								"user",
								""
							],
							"query": [
								{
									"key": "",
									"value": null,
									"disabled": true
								}
							]
						}
					},
					"response": []
				},
				{
					"name": "GetUserID",
					"request": {
						"method": "GET",
						"header": [
							{
								"key": "Authorization",
								"value": "{{token}}",
								"type": "text"
							}
						],
						"url": {
							"raw": "localhost:3616/v1/user/681432289ea93f3b312dcad8",
							"host": [
								"localhost"
							],
							"port": "3616",
							"path": [
								"v1",
								"user",
								"681432289ea93f3b312dcad8"
							]
						}
					},
					"response": []
				},
				{
					"name": "UpdateUser",
					"request": {
						"method": "PUT",
						"header": [
							{
								"key": "Authorization",
								"value": "{{token}}",
								"type": "text"
							}
						],
						"body": {
							"mode": "urlencoded",
							"urlencoded": [
								{
									"key": "name",
									"value": "aña",
									"type": "text"
								},
								{
									"key": "surname",
									"value": "Castillo",
									"type": "text"
								},
								{
									"key": "email",
									"value": "ccastillo23@gmail.com",
									"type": "text"
								},
								{
									"key": "phone",
									"value": "77889944",
									"type": "text"
								}
							]
						},
						"url": {
							"raw": "localhost:3616/v1/user/update/67c5dc3d48f93ab551026608",
							"host": [
								"localhost"
							],
							"port": "3616",
							"path": [
								"v1",
								"user",
								"update",
								"67c5dc3d48f93ab551026608"
							]
						}
					},
					"response": []
				},
				{
					"name": "UpdateUserAdmin",
					"request": {
						"method": "PUT",
						"header": [
							{
								"key": "Authorization",
								"value": "{{token}}",
								"type": "text"
							}
						],
						"body": {
							"mode": "urlencoded",
							"urlencoded": [
								{
									"key": "name",
									"value": "aaaa",
									"type": "text"
								},
								{
									"key": "surname",
									"value": "aaaa",
									"type": "text"
								},
								{
									"key": "email",
									"value": "ccastillo23@gmail.com",
									"type": "text"
								},
								{
									"key": "phone",
									"value": "77889944",
									"type": "text"
								},
								{
									"key": "role",
									"value": "CLIENT",
									"type": "text"
								}
							]
						},
						"url": {
							"raw": "localhost:3616/v1/user/update2/67c5dc3d48f93ab551026608",
							"host": [
								"localhost"
							],
							"port": "3616",
							"path": [
								"v1",
								"user",
								"update2",
								"67c5dc3d48f93ab551026608"
							]
						}
					},
					"response": []
				},
				{
					"name": "UpdatePass",
					"request": {
						"method": "PUT",
						"header": [
							{
								"key": "Authorization",
								"value": "{{token}}",
								"type": "text"
							}
						],
						"body": {
							"mode": "urlencoded",
							"urlencoded": [
								{
									"key": "currentPassword",
									"value": "Ak1723os17@",
									"type": "text"
								},
								{
									"key": "newPassword",
									"value": "Ak1723os22@",
									"type": "text"
								}
							]
						},
						"url": {
							"raw": "localhost:3616/v1/user/password/67c5dc1b48f93ab551026603",
							"host": [
								"localhost"
							],
							"port": "3616",
							"path": [
								"v1",
								"user",
								"password",
								"67c5dc1b48f93ab551026603"
							]
						}
					},
					"response": []
				},
				{
					"name": "DeleteUser",
					"request": {
						"method": "DELETE",
						"header": [
							{
								"key": "Authorization",
								"value": "{{token}}",
								"type": "text"
							}
						],
						"body": {
							"mode": "urlencoded",
							"urlencoded": [
								{
									"key": "email",
									"value": "ccastillo23@gmail.com",
									"type": "text"
								},
								{
									"key": "currentPassword",
									"value": "Ak1723os22@",
									"type": "text"
								}
							]
						},
						"url": {
							"raw": "localhost:3616/v1/user/delete/67c5dc3d48f93ab551026608",
							"host": [
								"localhost"
							],
							"port": "3616",
							"path": [
								"v1",
								"user",
								"delete",
								"67c5dc3d48f93ab551026608"
							]
						}
					},
					"response": []
				},
				{
					"name": "DeleteUserAdmin",
					"request": {
						"method": "DELETE",
						"header": [
							{
								"key": "Authorization",
								"value": "{{token}}",
								"type": "text"
							}
						],
						"url": {
							"raw": "localhost:3616/v1/user/delete2/67aec8862d70d334519ee68e",
							"host": [
								"localhost"
							],
							"port": "3616",
							"path": [
								"v1",
								"user",
								"delete2",
								"67aec8862d70d334519ee68e"
							]
						}
					},
					"response": []
				}
			]
		},
		{
			"name": "Hotel",
			"item": [
				{
					"name": "Add",
					"request": {
						"auth": {
							"type": "noauth"
						},
						"method": "POST",
						"header": [
							{
								"key": "Authorization",
								"value": "{{token}}",
								"type": "text"
							}
						],
						"body": {
							"mode": "urlencoded",
							"urlencoded": [
								{
									"key": "name",
									"value": "Barceló Guatemala City",
									"type": "text"
								},
								{
									"key": "address",
									"value": "7A Avenida 15-45, Cdad. de Guatemala 01009•2378 4000",
									"type": "text"
								},
								{
									"key": "category",
									"value": "4.5 estrellas",
									"type": "text"
								}
							]
						},
						"url": {
							"raw": "http://localhost:3616/v1/hotel/",
							"protocol": "http",
							"host": [
								"localhost"
							],
							"port": "3616",
							"path": [
								"v1",
								"hotel",
								""
							]
						}
					},
					"response": []
				},
				{
					"name": "getAll",
					"request": {
						"method": "GET",
						"header": [
							{
								"key": "Authorization",
								"value": "{{token}}",
								"type": "text"
							}
						],
						"url": {
							"raw": "http://localhost:3616/v1/hotel/",
							"protocol": "http",
							"host": [
								"localhost"
							],
							"port": "3616",
							"path": [
								"v1",
								"hotel",
								""
							]
						}
					},
					"response": []
				},
				{
					"name": "search",
					"request": {
						"method": "GET",
						"header": [
							{
								"key": "Authorization",
								"value": "{{token}}",
								"type": "text"
							}
						],
						"url": {
							"raw": "http://localhost:3616/v1/hotel/by-category?category=5 estrellas",
							"protocol": "http",
							"host": [
								"localhost"
							],
							"port": "3616",
							"path": [
								"v1",
								"hotel",
								"by-category"
							],
							"query": [
								{
									"key": "category",
									"value": "5 estrellas"
								}
							]
						}
					},
					"response": []
				},
				{
					"name": "update",
					"request": {
						"method": "PUT",
						"header": [
							{
								"key": "Authorization",
								"value": "{{token}}",
								"type": "text"
							}
						],
						"body": {
							"mode": "urlencoded",
							"urlencoded": [
								{
									"key": "name",
									"value": "Barceló Guatemala City",
									"type": "text",
									"disabled": true
								},
								{
									"key": "address",
									"value": "7A Avenida 15-45, Cdad. de Guatemala 01009•2378 4000",
									"type": "text",
									"disabled": true
								},
								{
									"key": "category",
									"value": "5 estrellas",
									"type": "text"
								}
							]
						},
						"url": {
							"raw": "http://localhost:3616/v1/hotel/update/6813cf1f17187a41250624f8",
							"protocol": "http",
							"host": [
								"localhost"
							],
							"port": "3616",
							"path": [
								"v1",
								"hotel",
								"update",
								"6813cf1f17187a41250624f8"
							]
						}
					},
					"response": []
				},
				{
					"name": "delete",
					"request": {
						"method": "DELETE",
						"header": [
							{
								"key": "Authorization",
								"value": "{{token}}",
								"type": "text"
							}
						],
						"url": {
							"raw": "http://localhost:3616/v1/hotel/delete/6813f5343df5c0dc1e752b71",
							"protocol": "http",
							"host": [
								"localhost"
							],
							"port": "3616",
							"path": [
								"v1",
								"hotel",
								"delete",
								"6813f5343df5c0dc1e752b71"
							]
						}
					},
					"response": []
				}
			]
		},
		{
			"name": "Room",
			"item": [
				{
					"name": "Add",
					"request": {
						"method": "POST",
						"header": [
							{
								"key": "Authorization",
								"value": "{{token}}",
								"type": "text"
							}
						],
						"body": {
							"mode": "urlencoded",
							"urlencoded": [
								{
									"key": "number",
									"value": "562",
									"type": "text"
								},
								{
									"key": "type",
									"value": "suite",
									"type": "text"
								},
								{
									"key": "capacity",
									"value": "2 adults",
									"type": "text"
								},
								{
									"key": "price",
									"value": "2122",
									"type": "text"
								},
								{
									"key": "description",
									"value": "Suite Junior Westin club 1 habitacion en planta con cama extragrande",
									"type": "text"
								},
								{
									"key": "status",
									"value": "available",
									"type": "text"
								},
								{
									"key": "hotel",
									"value": "6813cf1f17187a41250624f8",
									"type": "text"
								}
							]
						},
						"url": {
							"raw": "http://localhost:3616/v1/room/",
							"protocol": "http",
							"host": [
								"localhost"
							],
							"port": "3616",
							"path": [
								"v1",
								"room",
								""
							]
						}
					},
					"response": []
				},
				{
					"name": "getAll",
					"request": {
						"method": "GET",
						"header": [
							{
								"key": "Authorization",
								"value": "{{token}}",
								"type": "text"
							}
						],
						"url": {
							"raw": "http://localhost:3616/v1/room/",
							"protocol": "http",
							"host": [
								"localhost"
							],
							"port": "3616",
							"path": [
								"v1",
								"room",
								""
							]
						}
					},
					"response": []
				},
				{
					"name": "search",
					"request": {
						"method": "GET",
						"header": [
							{
								"key": "Authorization",
								"value": "{{token}}",
								"type": "text"
							}
						],
						"url": {
							"raw": "http://localhost:3616/v1/room/68140a0d895e4dd947e7c4b2",
							"protocol": "http",
							"host": [
								"localhost"
							],
							"port": "3616",
							"path": [
								"v1",
								"room",
								"68140a0d895e4dd947e7c4b2"
							]
						}
					},
					"response": []
				},
				{
					"name": "update",
					"request": {
						"method": "PUT",
						"header": [
							{
								"key": "Authorization",
								"value": "{{token}}",
								"type": "text"
							}
						],
						"body": {
							"mode": "urlencoded",
							"urlencoded": [
								{
									"key": "number",
									"value": "562",
									"type": "text",
									"disabled": true
								},
								{
									"key": "type",
									"value": "suite",
									"type": "text",
									"disabled": true
								},
								{
									"key": "capacity",
									"value": "2 adults",
									"type": "text",
									"disabled": true
								},
								{
									"key": "price",
									"value": "2122",
									"type": "text",
									"disabled": true
								},
								{
									"key": "description",
									"value": "Suite Junior Westin club 1 habitacion en planta con cama extragrande y bañera de Hidromasaje",
									"type": "text"
								},
								{
									"key": "status",
									"value": "available",
									"type": "text",
									"disabled": true
								},
								{
									"key": "hotel",
									"value": "6813cf1f17187a41250624f8",
									"type": "text",
									"disabled": true
								}
							]
						},
						"url": {
							"raw": "http://localhost:3616/v1/room/update/68140f23895e4dd947e7c4be",
							"protocol": "http",
							"host": [
								"localhost"
							],
							"port": "3616",
							"path": [
								"v1",
								"room",
								"update",
								"68140f23895e4dd947e7c4be"
							],
							"query": [
								{
									"key": "",
									"value": null,
									"disabled": true
								}
							]
						}
					},
					"response": []
				},
				{
					"name": "delete",
					"request": {
						"method": "DELETE",
						"header": [
							{
								"key": "Authorization",
								"value": "{{token}}",
								"type": "text"
							}
						],
						"url": {
							"raw": "http://localhost:3616/v1/room/delete/68140a0d895e4dd947e7c4b2",
							"protocol": "http",
							"host": [
								"localhost"
							],
							"port": "3616",
							"path": [
								"v1",
								"room",
								"delete",
								"68140a0d895e4dd947e7c4b2"
							]
						}
					},
					"response": []
				}
			]
		},
		{
			"name": "Service",
			"item": [
				{
					"name": "GetAllService",
					"request": {
						"method": "GET",
						"header": [
							{
								"key": "Authorization",
								"value": "{{token}}",
								"type": "text"
							}
						],
						"url": {
							"raw": "http://localhost:3616/v1/service/",
							"protocol": "http",
							"host": [
								"localhost"
							],
							"port": "3616",
							"path": [
								"v1",
								"service",
								""
							]
						}
					},
					"response": []
				},
				{
					"name": "GetOneService",
					"request": {
						"method": "GET",
						"header": [
							{
								"key": "Authorization",
								"value": "{{token}}",
								"type": "text"
							}
						],
						"url": {
							"raw": "http://localhost:3616/v1/service/",
							"protocol": "http",
							"host": [
								"localhost"
							],
							"port": "3616",
							"path": [
								"v1",
								"service",
								""
							]
						}
					},
					"response": []
				},
				{
					"name": "PostService",
					"request": {
						"method": "POST",
						"header": [
							{
								"key": "Authorization",
								"value": "{{token}}",
								"type": "text"
							}
						],
						"body": {
							"mode": "urlencoded",
							"urlencoded": [
								{
									"key": "name",
									"value": "",
									"type": "text"
								},
								{
									"key": "description",
									"value": "",
									"type": "text"
								},
								{
									"key": "price",
									"value": "",
									"type": "text"
								}
							]
						},
						"url": {
							"raw": "http://localhost:3616/v1/service/",
							"protocol": "http",
							"host": [
								"localhost"
							],
							"port": "3616",
							"path": [
								"v1",
								"service",
								""
							]
						}
					},
					"response": []
				},
				{
					"name": "UpdateService",
					"request": {
						"method": "PUT",
						"header": [
							{
								"key": "Authorization",
								"value": "{{token}}",
								"type": "text"
							}
						],
						"body": {
							"mode": "urlencoded",
							"urlencoded": [
								{
									"key": "name",
									"value": "",
									"type": "text"
								},
								{
									"key": "description",
									"value": "",
									"type": "text"
								},
								{
									"key": "price",
									"value": "",
									"type": "text"
								}
							]
						},
						"url": {
							"raw": "http://localhost:3616/v1/service/update/",
							"protocol": "http",
							"host": [
								"localhost"
							],
							"port": "3616",
							"path": [
								"v1",
								"service",
								"update",
								""
							]
						}
					},
					"response": []
				},
				{
					"name": "New Request",
					"request": {
						"method": "DELETE",
						"header": [
							{
								"key": "Authorization",
								"value": "{{token}}",
								"type": "text"
							}
						],
						"url": {
							"raw": "http://localhost:3616/v1/service/delete/",
							"protocol": "http",
							"host": [
								"localhost"
							],
							"port": "3616",
							"path": [
								"v1",
								"service",
								"delete",
								""
							]
						}
					},
					"response": []
				}
			]
		},
		{
			"name": "Reservation",
			"item": [
				{
					"name": "GetAllReservations",
					"request": {
						"method": "GET",
						"header": [
							{
								"key": "Authorization",
								"value": "{{token}}",
								"type": "text"
							}
						],
						"url": {
							"raw": "http://localhost:3616/v1/reservation/",
							"protocol": "http",
							"host": [
								"localhost"
							],
							"port": "3616",
							"path": [
								"v1",
								"reservation",
								""
							]
						}
					},
					"response": []
				},
				{
					"name": "GetOneReservations",
					"request": {
						"method": "GET",
						"header": [
							{
								"key": "Authorization",
								"value": "{{token}}",
								"type": "text"
							}
						],
						"url": {
							"raw": "http://localhost:3616/v1/reservation/",
							"protocol": "http",
							"host": [
								"localhost"
							],
							"port": "3616",
							"path": [
								"v1",
								"reservation",
								""
							]
						}
					},
					"response": []
				},
				{
					"name": "PostReservation",
					"request": {
						"method": "POST",
						"header": [
							{
								"key": "Authorization",
								"value": "{{token}}",
								"type": "text"
							}
						],
						"body": {
							"mode": "urlencoded",
							"urlencoded": [
								{
									"key": "user",
									"value": "",
									"type": "text"
								},
								{
									"key": "room",
									"value": "",
									"type": "text"
								},
								{
									"key": "checkInDate",
									"value": "",
									"type": "text"
								},
								{
									"key": "checkOutDate",
									"value": "",
									"type": "text"
								},
								{
									"key": "status",
									"value": "",
									"type": "text",
									"disabled": true
								},
								{
									"key": "services",
									"value": "",
									"type": "text"
								},
								{
									"key": "totalAmount",
									"value": "",
									"type": "text"
								}
							]
						},
						"url": {
							"raw": "http://localhost:3616/v1/reservation/",
							"protocol": "http",
							"host": [
								"localhost"
							],
							"port": "3616",
							"path": [
								"v1",
								"reservation",
								""
							]
						}
					},
					"response": []
				},
				{
					"name": "UpdateReservation",
					"request": {
						"method": "PUT",
						"header": [
							{
								"key": "Authorization",
								"value": "{{token}}",
								"type": "text"
							}
						],
						"body": {
							"mode": "urlencoded",
							"urlencoded": [
								{
									"key": "user",
									"value": "",
									"type": "text"
								},
								{
									"key": "room",
									"value": "",
									"type": "text"
								},
								{
									"key": "checkInDate",
									"value": "",
									"type": "text"
								},
								{
									"key": "checkOutDate",
									"value": "",
									"type": "text"
								},
								{
									"key": "status",
									"value": "",
									"type": "text",
									"disabled": true
								},
								{
									"key": "services",
									"value": "",
									"type": "text"
								},
								{
									"key": "totalAmount",
									"value": "",
									"type": "text"
								}
							]
						},
						"url": {
							"raw": "http://localhost:3616/v1/reservation/update/",
							"protocol": "http",
							"host": [
								"localhost"
							],
							"port": "3616",
							"path": [
								"v1",
								"reservation",
								"update",
								""
							]
						}
					},
					"response": []
				},
				{
					"name": "New Request",
					"request": {
						"method": "DELETE",
						"header": [
							{
								"key": "Authorization",
								"value": "{{token}}",
								"type": "text"
							}
						],
						"url": {
							"raw": "http://localhost:3616/v1/reservation/delete/",
							"protocol": "http",
							"host": [
								"localhost"
							],
							"port": "3616",
							"path": [
								"v1",
								"reservation",
								"delete",
								""
							]
						}
					},
					"response": []
				},
				{
					"name": "New Request",
					"request": {
						"method": "POST",
						"header": [
							{
								"key": "Authorization",
								"value": "{{token}}",
								"type": "text"
							}
						],
						"url": {
							"raw": "http://localhost:3616/v1/reservation/invoice/",
							"protocol": "http",
							"host": [
								"localhost"
							],
							"port": "3616",
							"path": [
								"v1",
								"reservation",
								"invoice",
								""
							]
						}
					},
					"response": []
				}
			]
		},
		{
			"name": "Bill",
			"item": [
				{
					"name": "GetAllBill",
					"request": {
						"method": "GET",
						"header": [
							{
								"key": "Authorization",
								"value": "{{token}}",
								"type": "text"
							}
						],
						"url": {
							"raw": "http://localhost:3616/v1/bill/",
							"protocol": "http",
							"host": [
								"localhost"
							],
							"port": "3616",
							"path": [
								"v1",
								"bill",
								""
							]
						}
					},
					"response": []
				},
				{
					"name": "GetOneBill",
					"request": {
						"method": "GET",
						"header": [
							{
								"key": "Authorization",
								"value": "{{token}}",
								"type": "text"
							}
						],
						"url": {
							"raw": "http://localhost:3616/v1/bill/",
							"protocol": "http",
							"host": [
								"localhost"
							],
							"port": "3616",
							"path": [
								"v1",
								"bill",
								""
							]
						}
					},
					"response": []
				},
				{
					"name": "DeleteBill",
					"request": {
						"method": "DELETE",
						"header": [
							{
								"key": "Authorization",
								"value": "{{token}}",
								"type": "text"
							}
						],
						"url": {
							"raw": "http://localhost:3616/v1/bill/delete/",
							"protocol": "http",
							"host": [
								"localhost"
							],
							"port": "3616",
							"path": [
								"v1",
								"bill",
								"delete",
								""
							]
						}
					},
					"response": []
				}
			]
		},
		{
			"name": "EVENTS",
			"item": [
				{
					"name": "createEvent",
					"request": {
						"method": "POST",
						"header": [
							{
								"key": "Authorization",
								"value": "eyJhbGciOiJIUzI1NiIsInR5cCI6IkpXVCJ9.eyJ1aWQiOiI2ODEyZjU2YjViZGM5YWU5NmJkZmVjOGQiLCJuYW1lIjoiYWRtaW4iLCJ1c2VybmFtZSI6ImFkbWluIiwicm9sZSI6IkFETUlOIiwiaWF0IjoxNzQ2MzM1NTY1LCJleHAiOjE3NDYzNDYzNjV9.SErbY59FEOpoIrv5HNxXAUFOivH7px1TEsYrsIrfIRo",
								"type": "text"
							}
						],
						"body": {
							"mode": "urlencoded",
							"urlencoded": [
								{
									"key": "name",
									"value": "Exposición",
									"type": "text"
								},
								{
									"key": "description",
									"value": "Exposición sobre avances de una empresa",
									"type": "text"
								},
								{
									"key": "startDate",
									"value": "2025-07-23",
									"type": "text"
								},
								{
									"key": "finishDate",
									"value": "2025-07-27",
									"type": "text"
								},
								{
									"key": "hotel",
									"value": "6817052cdfc6bb7651117006",
									"type": "text"
								},
								{
									"key": "additional",
									"value": "Este va dirigido a todo el personal de la empresa, por lo tanto se requiere exclusividad",
									"type": "text"
								}
							]
						},
						"url": {
							"raw": "localhost:3616/v1/event/",
							"host": [
								"localhost"
							],
							"port": "3616",
							"path": [
								"v1",
								"event",
								""
							]
						}
					},
					"response": []
				},
				{
					"name": "getAllEvents",
					"request": {
						"method": "GET",
						"header": [
							{
								"key": "Authorization",
								"value": "eyJhbGciOiJIUzI1NiIsInR5cCI6IkpXVCJ9.eyJ1aWQiOiI2ODEyZjU2YjViZGM5YWU5NmJkZmVjOGQiLCJuYW1lIjoiYWRtaW4iLCJ1c2VybmFtZSI6ImFkbWluIiwicm9sZSI6IkFETUlOIiwiaWF0IjoxNzQ2MzM1NTY1LCJleHAiOjE3NDYzNDYzNjV9.SErbY59FEOpoIrv5HNxXAUFOivH7px1TEsYrsIrfIRo",
								"type": "text"
							}
						],
						"url": {
							"raw": "localhost:3616/v1/event/",
							"host": [
								"localhost"
							],
							"port": "3616",
							"path": [
								"v1",
								"event",
								""
							]
						}
					},
					"response": []
				},
				{
					"name": "getEventId",
					"request": {
						"method": "GET",
						"header": [
							{
								"key": "Authorization",
								"value": "eyJhbGciOiJIUzI1NiIsInR5cCI6IkpXVCJ9.eyJ1aWQiOiI2ODEyZjU2YjViZGM5YWU5NmJkZmVjOGQiLCJuYW1lIjoiYWRtaW4iLCJ1c2VybmFtZSI6ImFkbWluIiwicm9sZSI6IkFETUlOIiwiaWF0IjoxNzQ2MzM1NTY1LCJleHAiOjE3NDYzNDYzNjV9.SErbY59FEOpoIrv5HNxXAUFOivH7px1TEsYrsIrfIRo",
								"type": "text"
							}
						],
						"url": {
							"raw": "localhost:3616/v1/event/6817010cdfc6bb7651116ffd",
							"host": [
								"localhost"
							],
							"port": "3616",
							"path": [
								"v1",
								"event",
								"6817010cdfc6bb7651116ffd"
							]
						}
					},
					"response": []
				},
				{
					"name": "updateEvent",
					"request": {
						"method": "PUT",
						"header": [
							{
								"key": "Authorization",
								"value": "eyJhbGciOiJIUzI1NiIsInR5cCI6IkpXVCJ9.eyJ1aWQiOiI2ODEyZjU2YjViZGM5YWU5NmJkZmVjOGQiLCJuYW1lIjoiYWRtaW4iLCJ1c2VybmFtZSI6ImFkbWluIiwicm9sZSI6IkFETUlOIiwiaWF0IjoxNzQ2MzM1NTY1LCJleHAiOjE3NDYzNDYzNjV9.SErbY59FEOpoIrv5HNxXAUFOivH7px1TEsYrsIrfIRo",
								"type": "text"
							}
						],
						"body": {
							"mode": "urlencoded",
							"urlencoded": [
								{
									"key": "additional",
									"value": "También se requiere que el lugar esté totalmente ambientado en el evento",
									"type": "text"
								}
							]
						},
						"url": {
							"raw": "localhost:3616/v1/event/68170639381d95396410d60b",
							"host": [
								"localhost"
							],
							"port": "3616",
							"path": [
								"v1",
								"event",
								"68170639381d95396410d60b"
							]
						}
					},
					"response": []
				},
				{
					"name": "deleteEvent",
					"request": {
						"method": "DELETE",
						"header": [
							{
								"key": "Authorization",
								"value": "eyJhbGciOiJIUzI1NiIsInR5cCI6IkpXVCJ9.eyJ1aWQiOiI2ODEyZjU2YjViZGM5YWU5NmJkZmVjOGQiLCJuYW1lIjoiYWRtaW4iLCJ1c2VybmFtZSI6ImFkbWluIiwicm9sZSI6IkFETUlOIiwiaWF0IjoxNzQ2MzM1NTY1LCJleHAiOjE3NDYzNDYzNjV9.SErbY59FEOpoIrv5HNxXAUFOivH7px1TEsYrsIrfIRo",
								"type": "text"
							}
						],
						"url": {
							"raw": "localhost:3616/v1/event/68170639381d95396410d60b",
							"host": [
								"localhost"
							],
							"port": "3616",
							"path": [
								"v1",
								"event",
								"68170639381d95396410d60b"
							]
						}
					},
					"response": []
				}
			]
		},
		{
			"name": "HOTELS",
			"item": [
				{
					"name": "addHotel",
					"request": {
						"method": "POST",
						"header": [
							{
								"key": "Authorization",
								"value": "eyJhbGciOiJIUzI1NiIsInR5cCI6IkpXVCJ9.eyJ1aWQiOiI2ODEyZjU2YjViZGM5YWU5NmJkZmVjOGQiLCJuYW1lIjoiYWRtaW4iLCJ1c2VybmFtZSI6ImFkbWluIiwicm9sZSI6IkFETUlOIiwiaWF0IjoxNzQ2MzM1NTY1LCJleHAiOjE3NDYzNDYzNjV9.SErbY59FEOpoIrv5HNxXAUFOivH7px1TEsYrsIrfIRo",
								"type": "text"
							}
						],
						"body": {
							"mode": "urlencoded",
							"urlencoded": [
								{
									"key": "name",
									"value": "Hotel Biltmore",
									"type": "text"
								},
								{
									"key": "address",
									"value": "zona 10",
									"type": "text"
								},
								{
									"key": "category",
									"value": "Céntrico",
									"type": "text"
								}
							]
						},
						"url": {
							"raw": "localhost:3616/v1/hotel/",
							"host": [
								"localhost"
							],
							"port": "3616",
							"path": [
								"v1",
								"hotel",
								""
							]
						}
					},
					"response": []
				}
			]
		}
	]
}